-- MySQL dump 10.13  Distrib 8.0.33, for Linux (x86_64)
--
-- Host: localhost    Database: coderunner
-- ------------------------------------------------------
-- Server version	8.0.33

/*!40101 SET @OLD_CHARACTER_SET_CLIENT=@@CHARACTER_SET_CLIENT */;
/*!40101 SET @OLD_CHARACTER_SET_RESULTS=@@CHARACTER_SET_RESULTS */;
/*!40101 SET @OLD_COLLATION_CONNECTION=@@COLLATION_CONNECTION */;
/*!50503 SET NAMES utf8mb4 */;
/*!40103 SET @OLD_TIME_ZONE=@@TIME_ZONE */;
/*!40103 SET TIME_ZONE='+00:00' */;
/*!40014 SET @OLD_UNIQUE_CHECKS=@@UNIQUE_CHECKS, UNIQUE_CHECKS=0 */;
/*!40014 SET @OLD_FOREIGN_KEY_CHECKS=@@FOREIGN_KEY_CHECKS, FOREIGN_KEY_CHECKS=0 */;
/*!40101 SET @OLD_SQL_MODE=@@SQL_MODE, SQL_MODE='NO_AUTO_VALUE_ON_ZERO' */;
/*!40111 SET @OLD_SQL_NOTES=@@SQL_NOTES, SQL_NOTES=0 */;

--
-- Table structure for table `company`
--

CREATE DATABASE IF NOT EXISTS coderunner;
USE coderunner;

DROP TABLE IF EXISTS `company`;
/*!40101 SET @saved_cs_client     = @@character_set_client */;
/*!50503 SET character_set_client = utf8mb4 */;
CREATE TABLE `company` (
  `ID` int NOT NULL,
  `NAME` varchar(100) NOT NULL,
  PRIMARY KEY (`ID`)
) ENGINE=InnoDB DEFAULT CHARSET=utf8mb4 COLLATE=utf8mb4_0900_ai_ci;
/*!40101 SET character_set_client = @saved_cs_client */;

--
-- Dumping data for table `company`
--

LOCK TABLES `company` WRITE;
/*!40000 ALTER TABLE `company` DISABLE KEYS */;
INSERT INTO `company` VALUES (1,'PeopleSoft Inc'),(2,'Baker Hughes Incorporated'),(3,'MDU Resources Group Inc.'),(4,'DST Systems, Inc.'),(5,'Williams Companies Inc'),(6,'Fisher Scientific International Inc.'),(7,'Emcor Group Inc.'),(8,'Genuine Parts Company'),(9,'MPS Group Inc.'),(10,'Novellus Systems Inc'),(11,'Stryker Corp'),(12,'Reliant Energy Inc.'),(13,'State Street Corp.'),(14,'Allegheny Technologies Incorporated'),(15,'Marsh & McLennan Companies Inc.'),(16,'Vulcan Materials Company'),(17,'Worthington Industries Inc'),(18,'Ingles Market Inc'),(19,'CNF Inc.'),(20,'AMERCO'),(21,'Cabot Corp'),(22,'U.S. Industries Inc.'),(23,'Avaya Inc.'),(24,'Eastman Chemical Company'),(25,'Stewart Information Services Corp'),(26,'Energy East Corporation'),(27,'Concord EFS Inc.'),(28,'The Black & Decker Corporation'),(29,'Maytag Corporation'),(30,'DQE Inc.'),(31,'The MONY Group Inc.'),(32,'Thermo Electron Corporation'),(33,'Mail-Well Inc.'),(34,'Electronic Data Systems Corp.'),(35,'IKON Office Solutions Inc.'),(36,'Vectren Corporation'),(37,'Tecumseh Products Company'),(38,'Vishay Intertechnology Inc'),(39,'Flowers Foods Inc.'),(40,'Alliant Energy Corporation'),(41,'OGE Energy Corp'),(42,'United Auto Group Inc'),(43,'Granite Construction Incorporated'),(44,'On Semiconductor Corp'),(45,'First Tennessee National Corp.'),(46,'Provident Financial Group'),(47,'Abbott Laboratories'),(48,'The AES Corporation'),(49,'Dover Corporation, Inc.'),(50,'Toro Company'),(51,'American Greetings Corporation'),(52,'Applied Industrial Technologies, Inc.'),(53,'PNM Resources Inc'),(54,'Principal Financial Group Inc.'),(55,'American Express Company'),(56,'Enron Corp.'),(57,'Host Marriott Corp.'),(58,'Marshall & Ilsley Corporation'),(59,'Apache Corporation'),(60,'Anheuser-Busch Companies, Inc.'),(61,'ServiceMaster Co'),(62,'Solutia Inc'),(63,'Medtronic Inc.'),(64,'Yellow Corporation'),(65,'Masco Corporation'),(66,'Dole Food Company, Inc.'),(67,'NorthWestern Corporation'),(68,'Eaton Corporation'),(69,'Quintiles Transnational'),(70,'Hasbro Inc.'),(71,'Hewlett-Packard Company'),(72,'Chiquita Brands International Inc.'),(73,'Genzyme Corporation'),(74,'Rockwell Automation Inc'),(75,'Burlington Industries, Inc.'),(76,'Cummins Inc.'),(77,'Penn Traffic Co.'),(78,'OfficeMax Inc'),(79,'MasTec Inc.'),(80,'Hercules Inc.'),(81,'Guidant Corporation'),(82,'IT Group Inc.'),(83,'Big Lots, Inc.'),(84,'OM Group Inc'),(85,'Analog Devices, Inc.'),(86,'Shaw Group Inc'),(87,'Sabre Holdings Corp'),(88,'Pactiv Corp'),(89,'Gannett Co., Inc.'),(90,'Georgia Gulf Corporation'),(91,'Murphy Oil Corporation'),(92,'Puget Energy Inc.'),(93,'Volt Information Sciences Inc'),(94,'Di Giorgio Corporation'),(95,'Allied Waste Industries, Inc.'),(96,'Humana Inc.'),(97,'Charter Communications Inc.'),(98,'Aon Corporation'),(99,'Qualcomm Inc'),(100,'The May Department Stores Company'),(101,'VF Corporation'),(102,'Kennametal Inc.'),(103,'Fleming Companies Inc.'),(104,'Delta Air Lines Inc.'),(105,'Value City Department Stores Inc'),(106,'CellStar Corp.'),(107,'Dynegy Inc.'),(108,'Hillenbrand Industries Inc.'),(109,'KPMG Consulting Inc.'),(110,'Albertsons, Inc.'),(111,'Airgas, Inc.'),(112,'UST Inc'),(113,'TJX Companies Inc'),(114,'Airborne, Inc.'),(115,'Outback Steakhouse Inc.'),(116,'York International Corp'),(117,'AnnTaylor Inc.'),(118,'Ameren Corporation'),(119,'Foamex International Inc'),(120,'Cenex Harvest States Cooperatives'),(121,'Wyeth'),(122,'Solectron Corp'),(123,'Seaboard Corp'),(124,'Ross Stores Inc'),(125,'Jabil Circuit Inc.'),(126,'Great Plains Energy Inc.'),(127,'Dow Jones & Company, Inc.'),(128,'Coca-Cola Co.'),(129,'Rite Aid Corp'),(130,'PepsiAmericas Inc.'),(131,'Trinity Industries Inc'),(132,'Adolph Coors Company'),(133,'The Bear Stearns Companies Inc.'),(134,'Dreyers Grand Ice Cream, Inc.'),(135,'Sun Microsystems Inc.'),(136,'PerkinElmer Inc'),(137,'Gateway Inc.'),(138,'Amtran, Inc.'),(139,'American Axle & Manufacturing Holdings, Inc.'),(140,'Pitney Bowes Inc.'),(141,'Walter Industries Inc'),(142,'Nextel Communications Inc'),(143,'K-Mart Corp.'),(144,'Polo Ralph Lauren Corp'),(145,'Shopko Stores Inc'),(146,'Starwood Hotels & Resorts Worldwide Inc'),(147,'Walgreen Co'),(148,'DPL Inc.'),(149,'Fidelity National Financial Inc.'),(150,'Progress Energy Inc'),(151,'Torchmark Corporation'),(152,'Unified Western Grocers Inc'),(153,'Southern Union Company'),(154,'Science Applications Intl. Inc.'),(155,'Teradyne Inc'),(156,'Universal Corporation'),(157,'Kemet Corp.'),(158,'Avon Products, Inc.'),(159,'Nacco Industries Inc'),(160,'Georgia-Pacific Corporation'),(161,'Armstrong Holdings, Inc.'),(162,'Providian Financial Corp.'),(163,'Rockwell Collins Inc'),(164,'L-3 Communications Holdings Inc.'),(165,'Manor Care Inc.'),(166,'Allergan, Inc.'),(167,'Kohls Corp.'),(168,'Willamette Industries Inc.'),(169,'Lehman Brothers Holdings Inc.'),(170,'Clear Channel Communications Inc.'),(171,'Harley-Davidson Inc.'),(172,'Conectiv, Inc'),(173,'Morgan Stanley Dean Witter & Co.'),(174,'The LTV Corporation'),(175,'Union Pacific Corporation'),(176,'Franklin Resources Inc.'),(177,'WestPoint Stevens Inc'),(178,'E.I. Du Pont de Nemours and Company'),(179,'Stater Bros. Holdings Inc.'),(180,'Visteon Corporation'),(181,'Hilton Hotels Corp.'),(182,'Wells Fargo & Company'),(183,'PNC Financial Services Group Inc.'),(184,'Smithfield Foods Inc'),(185,'Safeguard Scientifics Inc.'),(186,'Weyerhauser Company'),(187,'Intuit Inc.'),(188,'StanCorp Financial Group Inc'),(189,'Brinker International, Inc.'),(190,'Schering-Plough Corp'),(191,'Dominos Pizza LLC'),(192,'Anthem, Inc.'),(193,'Hawaiian Electric Industries Inc.'),(194,'New Jersey Resources Corporation'),(195,'The Alpine Group, Inc.'),(196,'Insight Enterprises Inc.'),(197,'Fifth Third Bancorp'),(198,'Advanced Micro Devices, Inc.'),(199,'H.J. Heinz Company'),(200,'Sonic Automotive Inc.'),(201,'Pep Boys Manny, Moe & Jack'),(202,'American Financial Group, Inc.'),(203,'Lithia Motors Inc.'),(204,'BB&T Corporation'),(205,'Grey Global Group Inc.'),(206,'Great Lakes Chemical Corporation'),(207,'R.R. Donnelley & Sons Company'),(208,'Hibernia Corp.'),(209,'Atmos Energy Corporation'),(210,'Alcoa Inc.'),(211,'Pennzoil-Quaker State Company'),(212,'Packaging Corp. of America'),(213,'AOL Time Warner Inc.'),(214,'Laboratory Corporation of America Holdings'),(215,'Ball Corporation'),(216,'American Power Conversion Corporation'),(217,'Briggs & Stratton Corporation'),(218,'United Parcel Service Inc'),(219,'Best Buy Co., Inc.'),(220,'Foot Locker Inc'),(221,'Unocal Corporation'),(222,'Rent A Center Inc'),(223,'Halliburton Co.'),(224,'RoadwayCorp'),(225,'First National of Nebraska Inc.'),(226,'Riverwood Holding Inc.'),(227,'Kellwood Company'),(228,'Bed Bath & Beyond Inc.'),(229,'RPM Inc.'),(230,'Quantum Corp'),(231,'Dial Corporation'),(232,'Cooper Tire & Rubber Co.'),(233,'Mercury General Corporation'),(234,'Merrill Lynch & Co. Inc.'),(235,'Supervalu Inc'),(236,'Circuit City Stores Inc.'),(237,'Whirlpool Corporation'),(238,'Broadwing, Inc.'),(239,'NiSource Inc'),(240,'Qwest Communications Intl Inc'),(241,'Tribune Company'),(242,'Archer Daniels Midland Company'),(243,'Cooper Industries Ltd.'),(244,'TECO Energy Inc'),(245,'Omnicare Inc'),(246,'NCR Corporation'),(247,'Constellation Brands Inc.'),(248,'Verizon Communications Inc'),(249,'America West Holdings Corporation'),(250,'Metris Companies Inc'),(251,'Sierra Health Services Inc'),(252,'Abercrombie & Fitch Co.'),(253,'Comerica Inc.'),(254,'Williams Sonoma Inc'),(255,'FleetBoston Financial Co.'),(256,'Wal-Mart Stores Inc'),(257,'Constellation Emergy Group Inc.'),(258,'FMC Corp'),(259,'Knight-Ridder Inc.'),(260,'Yum Brands Inc.'),(261,'McLeodUSA Incorporated'),(262,'Hon Industries Inc.'),(263,'Pacific Gas & Electric Corp.'),(264,'Noble Energy Inc'),(265,'Mellon Financial Corporation'),(266,'Lennox International Inc.'),(267,'Lam Research Corporation'),(268,'Countrywide Credit Industries Inc.'),(269,'Carpenter Technology Corp.'),(270,'Mandalay Resort Group'),(271,'Xcel Energy Inc'),(272,'Whole Foods Market Inc'),(273,'Arkansas Best Corporation'),(274,'SCI Systems Onc.'),(275,'North Fork Bancorporation Inc'),(276,'Healthsouth Corp'),(277,'Milacron Inc.'),(278,'MGM Mirage'),(279,'Washington Mutual Inc'),(280,'Autoliv, Inc.'),(281,'Hollywood Entertainment Corp.'),(282,'C. H. Robinson Worldwide Inc.'),(283,'Lockheed Martin Corporation'),(284,'ACT Manufacturing Inc.'),(285,'Pro-Fac Cooperative Inc.'),(286,'D&K Healthcare Resources, Inc.'),(287,'Interpublic Group of Companies Inc.'),(288,'Thomas & Betts Corporation'),(289,'Waste Management Inc'),(290,'DTE Energy Co.'),(291,'Budget Group, Inc.'),(292,'Imperial Sugar Company'),(293,'IDT Corporation'),(294,'MetLife Inc.'),(295,'Wakenhut Corporation'),(296,'E.W. Scripps Company'),(297,'Weatherford International Inc'),(298,'Coca-Cola Enterprises Inc.'),(299,'Adobe Systems Incorporated'),(300,'Campbell Soup Co.'),(301,'Corn Products International Inc.'),(302,'ALLTEL Corporation'),(303,'Tellabs Inc.'),(304,'Republic Services Inc'),(305,'Potomac Electric Power Co.'),(306,'Bemis Company, Inc.'),(307,'UGI Corporation'),(308,'AT&T Corp.'),(309,'Comdisco Inc.'),(310,'Revlon Inc'),(311,'US Oncology Inc'),(312,'UAL Corporation'),(313,'Perot Systems Corp'),(314,'Mariner Health Care Inc.'),(315,'Old Republic International Corp.'),(316,'International Business Machines Corp.'),(317,'Herman Miller Inc.'),(318,'WPS Resources Corporation'),(319,'Corning Inc.'),(320,'Mattel Inc.'),(321,'Ashland Inc.'),(322,'Electronic Arts Inc.'),(323,'Universal Forest Products Inc'),(324,'Cendant Corp'),(325,'Champion Enterprises Inc.'),(326,'PPG Industries Inc'),(327,'Symbol Technologies Inc'),(328,'Tesoro Petroleum Corp.'),(329,'Reliance Steel & Aluminum Co.'),(330,'United Defense Industries Inc.'),(331,'Bristol-Myers Squibb Company'),(332,'Comfort Systems USA Inc.'),(333,'Veritas Software Corporation'),(334,'Omnicom Group'),(335,'Occidental Petroleum Corp'),(336,'Coventry Health Care Inc.'),(337,'The Neiman Marcus Group Inc.'),(338,'Jacobs Engineering Group Inc.'),(339,'AMR Corporation'),(340,'Farmland Industries Inc.'),(341,'UnitedHealth Group Incorporated'),(342,'Tyson Foods Inc'),(343,'Goodrich Corporation'),(344,'Idacorp Inc.'),(345,'Estee Lauder Companies Inc.'),(346,'Synovus Financial Corp.'),(347,'GenCorp Inc.'),(348,'Molex Incorporated'),(349,'Lyondell Chemical Company'),(350,'Unitrin Inc'),(351,'Nash Finch Company'),(352,'Bowater Incorporated'),(353,'Newmont Mining Corporation'),(354,'Phelps Dodge Corp.'),(355,'Philip Morris Companies Inc.'),(356,'Silicon Graphics Inc'),(357,'Ryerson Tull Inc'),(358,'Sears Roebuck & Co'),(359,'CH2M Hill Cos. Ltd.'),(360,'Kindred Healthcare Inc.'),(361,'Compuware Corp.'),(362,'DaVita Inc.'),(363,'Cintas Corp.'),(364,'Scotts Company'),(365,'Integrated Electrical Services Inc.'),(366,'Boston Scientific Corporation'),(367,'Caseys General Stores Inc.'),(368,'Beverly Enterprises, Inc.'),(369,'Apple Computer, Inc.'),(370,'KeyCorp'),(371,'Apartment Investment and Management Company'),(372,'Nicor Inc'),(373,'Avnet, Inc.'),(374,'Cytec Industries Inc.'),(375,'El Paso Corporation'),(376,'Wachovia Corporation'),(377,'Phillips Petroleum Co'),(378,'Valspar Corporation'),(379,'Sunoco Inc.'),(380,'Allegheny Energy, Inc.'),(381,'TMP Worldwide Inc'),(382,'PPL Corp'),(383,'Scientific-Atlanta Inc'),(384,'CMS Energy Corp.'),(385,'Brown Shoe Company, Inc.'),(386,'Gold Kist Inc.'),(387,'Forest Laboratories Inc.'),(388,'SLM Corporation'),(389,'Trans World Entertainment Corp.'),(390,'Emerson Electric Co.'),(391,'Maxxam Inc.'),(392,'Aetna Inc.'),(393,'USFreighways Corporation'),(394,'Cinergy Corp.'),(395,'Sierra Pacific Resources'),(396,'Charming Shoppes Inc.'),(397,'Louisiana-Pacific Corporation'),(398,'Dominion Resources, Inc.'),(399,'Northeast Utilities System'),(400,'IMS Health Inc.'),(401,'JDS Uniphase Corp.'),(402,'Wyndham International Inc'),(403,'Crompton Corp.'),(404,'Scana Corp.'),(405,'Citizens Communications Co.'),(406,'Ciena Corp.'),(407,'Lands End Inc.'),(408,'Dollar General Corporation'),(409,'Snap-On Inc'),(410,'Potlatch Corp'),(411,'Pulte Homes Inc'),(412,'NVR Inc'),(413,'Xerox Corp'),(414,'CMGI Inc.'),(415,'Ecolab Inc.'),(416,'J.B. Hunt Transport Services Inc.'),(417,'CBRL Group Inc.'),(418,'Burlington Northern Santa Fe Corporation'),(419,'Union Planters Corp'),(420,'FPL Group Inc.'),(421,'Pier 1 Imports Inc.'),(422,'Praxair Inc'),(423,'Viacom Inc'),(424,'W.R. Berkley Corporation'),(425,'Pride International Inc'),(426,'Transocean Inc'),(427,'Honeywell International Inc.'),(428,'Wellpoint Health Networks Inc'),(429,'Rock-Tenn Co'),(430,'AGCO Corporation'),(431,'Michaels Stores Inc.'),(432,'Service Corp. International'),(433,'USA Interactive'),(434,'Johnson & Johnson'),(435,'Valero Energy Corporation'),(436,'Sports Authority Inc'),(437,'Northwest Airlines Corp'),(438,'Ruddick Corp'),(439,'Metaldyne Corporation'),(440,'Exelon Corporation'),(441,'TransMontaigne Inc'),(442,'Burlington Coat Factory Warehouse Corporation'),(443,'National Oilwell Inc'),(444,'Del Monte Foods Co'),(445,'Equity Office Properties Trust'),(446,'Werner Enterprises Inc'),(447,'Pepsi Bottling Group Inc.'),(448,'Jack In The Box Inc.'),(449,'Applera Corporation'),(450,'Sysco Corp'),(451,'W.R. Grace & Co'),(452,'Legg Mason Inc.'),(453,'Felcor Lodging Trust Inc.'),(454,'KB Home'),(455,'Express Scripts Inc.'),(456,'Levi Strauss & Co.'),(457,'The Allstate Corporation'),(458,'Fiserv Inc.'),(459,'Anixter International Inc.'),(460,'Bethlehem Steel Corporation'),(461,'Entergy Corporation'),(462,'Ingram Micro Inc.'),(463,'Smith International Inc'),(464,'Arrow Electronics, Inc.'),(465,'First American Financial Corp.'),(466,'Primedia Inc'),(467,'Oracle Corp'),(468,'The Boeing Company'),(469,'Health Management Associates Inc.'),(470,'ADC Telecommunications, Inc.'),(471,'Astoria Financial Corporation'),(472,'Standard Pacific Corp.'),(473,'Delphi Corp.'),(474,'BellSouth Corporation'),(475,'Protective Life Corp'),(476,'International Flavors & Fragrances Inc.'),(477,'Weis Markets Inc.'),(478,'Sonoco Products Co.'),(479,'New York Times Company'),(480,'Belo Corp.'),(481,'SunGard Data Systems Inc.'),(482,'Reebok International Ltd.'),(483,'Ivax Corp.'),(484,'Continental Airlines Inc.'),(485,'Aquila, Inc.'),(486,'Millennium Chemicals Inc.'),(487,'ExxonMobil Corporation'),(488,'Linens n Things Inc.'),(489,'Fairchild Semiconductor International Inc.'),(490,'Park Place Entertainment Corp'),(491,'Berkshire Hathaway Inc.'),(492,'Deere & Company'),(493,'Kerr-McGee Corporation'),(494,'WorldCom Inc'),(495,'Leggett & Platt Inc.'),(496,'Navistar International Corporation'),(497,'Convergys Corp.'),(498,'CSX Corp.'),(499,'Prudential Financial Inc.'),(500,'Eli Lilly and Company'),(501,'Target Corp.'),(502,'PSS World Medical Inc'),(503,'USG Corporation'),(504,'Exide Technologies'),(505,'Sovereign Bancorp Inc.'),(506,'Goldman Sachs Group Inc.'),(507,'Golden State Bancorp Inc.'),(508,'Allmerica Financial Corporation'),(509,'Varco International Inc'),(510,'United Stationers Inc'),(511,'Western Digital Inc'),(512,'Paychex Inc'),(513,'Tiffany & Co'),(514,'URS Corporation'),(515,'Hovnanian Enterprises Inc.'),(516,'M & T Bank Corporation'),(517,'Procter & Gamble Co.'),(518,'Foster Wheeler Ltd.'),(519,'Crown Cork & Seal Co. Inc.'),(520,'Scholastic Corp'),(521,'TXU Corp'),(522,'Dana Corporation'),(523,'Popular Inc'),(524,'Siebel Systems Inc'),(525,'Simon Property Group Inc'),(526,'WGL Holdings Inc'),(527,'AK Steel Holding Corporation'),(528,'Parker Hannifin Corp.'),(529,'Encompass Services Corporation'),(530,'Computer Sciences Corp.'),(531,'AutoNation, Inc.'),(532,'PacifiCare Health Systems Inc'),(533,'IMC Global Inc.'),(534,'Nortek Inc'),(535,'PepsiCo Inc.'),(536,'AMC Entertainment Inc.'),(537,'Spherion Corp'),(538,'National Fuel Gas Company'),(539,'Fortune Brands Inc.'),(540,'EMC Corporation'),(541,'Gap Inc.'),(542,'Triad Hospitals Inc'),(543,'John Hancock Financial Services Inc.'),(544,'Oglethorpe Power Corp.'),(545,'Becton, Dickinson and Company'),(546,'Illinois Tool Works Inc.'),(547,'Kimberly-Clark Corporation'),(548,'Huntington Bancshares Inc.'),(549,'Staff Leasing Inc.'),(550,'The McGraw-Hill Companies Inc.'),(551,'J.C. Penny Co.'),(552,'Saks Inc'),(553,'Audiovox Corporation'),(554,'Texas Industries Inc.'),(555,'First Data Corp.'),(556,'Storage Technology Corporation'),(557,'Ryland Group Inc.'),(558,'Manpower Inc.'),(559,'Maxim Integrated Products Inc.'),(560,'General Motors Corporation'),(561,'Intel Corporation'),(562,'Nordstrom Inc'),(563,'UnumProvident Corporation'),(564,'Johnson Controls Inc.'),(565,'Temple-Inland Inc'),(566,'Pantry Inc'),(567,'Anadarko Petroleum Corporation'),(568,'GreenPoint Financial Corp.'),(569,'AutoZone, Inc.'),(570,'Acterna Corp.'),(571,'Pathmark Stores Inc.'),(572,'Massey Energy Company'),(573,'Paccar Inc'),(574,'Harris Corp.'),(575,'National Service Industries Inc'),(576,'Agilent Technologies, Inc.'),(577,'Genuity Inc.'),(578,'Southern Company'),(579,'H.B. Fuller Company'),(580,'Dow Chemical Company'),(581,'Publix Super Markets Inc.'),(582,'Nucor Corp'),(583,'WESCO International Inc'),(584,'Lucent Technologies Inc.'),(585,'Landstar System Inc.'),(586,'The Clorox Co.'),(587,'Family Dollar Stores Inc.'),(588,'American Standard Companies Inc.'),(589,'Sherwin-Williams Company'),(590,'Commercial Metals Co.'),(591,'Federal Mogul Corp.'),(592,'Marriott International Inc.'),(593,'LandAmerica Financial Group Inc.'),(594,'ARAMARK Corporation'),(595,'Sara Lee Corp'),(596,'Northern Trust Corporation'),(597,'Stewart & Stevenson Services Inc'),(598,'Sprint Corp.'),(599,'Advantica Restaurant Group, Inc.'),(600,'Avery Dennison Corporation'),(601,'Calpine Corp.'),(602,'Terex Corp'),(603,'Raytheon Company'),(604,'Ryder System Inc'),(605,'Barnes & Noble, Inc.'),(606,'Frontier Oil Corp'),(607,'Devon Energy Corporation'),(608,'Lowes Companies Inc.'),(609,'Metals USA Inc.'),(610,'GATX Corporation'),(611,'Adams Resources & Energy, Inc.'),(612,'Equitable Resources Inc.'),(613,'Pinnacle West Capital Corp'),(614,'McDonalds Corporation'),(615,'Ohio Casualty Corp.'),(616,'Tenneco Automotive Inc.'),(617,'Safeway Inc'),(618,'SunTrust Banks Inc'),(619,'Regions Financial Corp.'),(620,'AFLAC Incorporated'),(621,'Dollar Tree Stores, Inc.'),(622,'Swift Transportation, Co., Inc'),(623,'Adelphia Communications Corporation'),(624,'Toll Brothers Inc'),(625,'Marathon Oil Corporation'),(626,'Dun & Bradstreet Inc.'),(627,'The Bank of New York Company, Inc.'),(628,'Federal Express Corp.'),(629,'General Mills Inc'),(630,'Stanley Works'),(631,'D.R. Horton Inc.'),(632,'Affiliated Computer Services, Inc.'),(633,'Micron Technology Inc.'),(634,'Norfolk Southern Corporation'),(635,'Amkor Technology, Inc.'),(636,'Tower Automotive Inc.'),(637,'CDI Corp.'),(638,'Cardinal Health Inc.'),(639,'MeadWestvaco Corporation'),(640,'Western Gas Resources Inc'),(641,'Comverse Technology Inc.'),(642,'Lincoln National Corporation'),(643,'TravelCenters of America Inc.'),(644,'National City Corp.'),(645,'Mohawk Industries Inc.'),(646,'Baxter International Inc.'),(647,'Amerada Hess Corporation'),(648,'International Paper Co.'),(649,'Comcast Corp.'),(650,'Applied Materials, Inc.'),(651,'Kellogg Company'),(652,'Caremark Rx Inc.'),(653,'Trump Hotels & Casino Resorts Inc.'),(654,'Pioneer-Standard Electronics Inc.'),(655,'Wallace Computer Services Inc'),(656,'Safeco Corp'),(657,'Diebold Incorporated'),(658,'Wendys International Inc'),(659,'American Electric Power Company, Inc.'),(660,'Ames Department Stores, Inc.'),(661,'Washington Post Co.'),(662,'Kelly Services Inc.'),(663,'Conseco Inc.'),(664,'Hughes Supply Inc.'),(665,'Peter Kiewit Sons, Inc.'),(666,'Rohm & Haas Co.'),(667,'Banta Corporation'),(668,'Sanmina-SCI Inc'),(669,'Liz Claiborne Inc.'),(670,'Gemstar-TV Guide International Inc.'),(671,'Toys R Us Inc'),(672,'Cadence Design Systems, Inc.'),(673,'Centex Corp.'),(674,'Office Depot Inc.'),(675,'Hormel Foods Corp.'),(676,'Stilwell Financial Inc'),(677,'SPX Corp'),(678,'Quanta Services Inc.'),(679,'Markel Corporation'),(680,'General Dynamics Corporation'),(681,'H&R Block Inc.'),(682,'Tenet Healthcare Corporation'),(683,'Tektronix Inc'),(684,'Banknorth Group, Inc.'),(685,'PolyOne Corp'),(686,'Lennar Corporation'),(687,'Magellan Health Services Inc.'),(688,'Equity Residential Properties Trust'),(689,'DynCorp'),(690,'Black Hills Corporation'),(691,'E*Trade Group, Inc.'),(692,'Edison International'),(693,'Readers Digest Association Inc.'),(694,'Robert Half International Inc.'),(695,'Hub Group Inc.'),(696,'ArvinMeritor, Inc.'),(697,'Universal Health Services Inc'),(698,'Public Service Enterprise Group Inc.'),(699,'Amazon.com, Inc.'),(700,'Compass Bancshares Inc'),(701,'Beckman Coulter, Inc.'),(702,'Bank of America Corporation'),(703,'Cablevision Systems Corp'),(704,'Agway Inc.'),(705,'Kroger Co.'),(706,'The Lubrizol Corporation'),(707,'Cisco Systems Inc.'),(708,'Unova Inc'),(709,'Benchmark Electronics, Inc.'),(710,'Energizer Holdings Inc.'),(711,'Precision Castparts Corp'),(712,'Beazer Homes USA, Inc.'),(713,'Genesis Health Ventures Inc.'),(714,'Avista Corporation'),(715,'Loews Corporation'),(716,'Southwest Airlines Co'),(717,'Eastman Kodak Company'),(718,'Bell Microproducts Inc.'),(719,'Timken Company'),(720,'Amgen Inc.'),(721,'BorgWarner Inc.'),(722,'Petco Animal Supplies Inc.'),(723,'W.W. Grainger Inc'),(724,'Dillards Inc.'),(725,'Sealed Air Corp'),(726,'Pilgrims Pride Corporation'),(727,'Silgan Holdings Inc.'),(728,'Charles Schwab Corp.'),(729,'Carlisle Cos. Inc.'),(730,'Pittston Brinks Group'),(731,'Dell Computer Corporation'),(732,'ALLETE, Inc.'),(733,'U.S. Bancorp'),(734,'CSK Auto Corp.'),(735,'Henry Schein Inc.'),(736,'Progressive Corporation'),(737,'General Electric Company'),(738,'Alaska Air Group, Inc.'),(739,'American Eagle Outfitters, Inc.'),(740,'Radio Shack Corporation'),(741,'Gillette Company'),(742,'Pharmacia Corp'),(743,'Federated Department Stores Inc.'),(744,'American International Group, Inc.'),(745,'AmSouth Bancorp.'),(746,'XO Communications Inc'),(747,'Cincinnati Financial Corp.'),(748,'CDW Computer Centers Inc.'),(749,'Owens & Minor Inc.'),(750,'US Airways Group Inc'),(751,'Air Products and Chemicals, Inc.'),(752,'Darden Restaurants Inc.'),(753,'Earthlink, Inc.'),(754,'United Rentals Inc'),(755,'Household International Corp.'),(756,'Enterprise Products Partners L.P.'),(757,'Sempra Energy'),(758,'Capital One Financial Corp.'),(759,'World Fuel Services Corporation'),(760,'McCormick & Company Incorporated'),(761,'RGS Energy Group Inc'),(762,'Microsoft Corporation'),(763,'Peoples Energy Corp.'),(764,'Watsco Inc'),(765,'Ferro Corp.'),(766,'Pfizer Inc'),(767,'Cigna Corp'),(768,'Brightpoint, Inc.'),(769,'CKE Restaurants Inc.'),(770,'Automatic Data Processing, Inc.'),(771,'Texas Instruments Incorporated'),(772,'Zions Bancorporation'),(773,'Gentiva Health Services Inc.'),(774,'Bank One Corporation'),(775,'Fleetwood Enterprises Inc.'),(776,'Owens Corning'),(777,'Mirant Corporation'),(778,'BJs Wholesale Club, Inc.'),(779,'Unisys Corporation'),(780,'Cox Communications Inc.'),(781,'Southwest Gas Corp'),(782,'American Water Works Company, Inc.'),(783,'Health Net Inc.'),(784,'Danaher Corporation'),(785,'Telephone & Data Systems Inc'),(786,'General Cable Corporation'),(787,'Northrop Grumman Corporation'),(788,'AmerisourceBergen Corporation'),(789,'Marsh Supermarkets Inc.'),(790,'Owens-Illinois Inc'),(791,'Administaff, Inc.'),(792,'Nvidia Corp'),(793,'Ocean Energy Inc'),(794,'The Goodyear Tire & Rubber Company'),(795,'Pall Corp'),(796,'Systemax Inc.'),(797,'Computer Associates International Inc.'),(798,'Arch Coal, Inc.'),(799,'Phoenix Companies Inc'),(800,'3M Company');
/*!40000 ALTER TABLE `company` ENABLE KEYS */;
UNLOCK TABLES;

--
-- Table structure for table `employee`
--

DROP TABLE IF EXISTS `employee`;
/*!40101 SET @saved_cs_client     = @@character_set_client */;
/*!50503 SET character_set_client = utf8mb4 */;
CREATE TABLE `employee` (
  `ID` int NOT NULL,
  `NAME` varchar(100) NOT NULL,
  PRIMARY KEY (`ID`)
) ENGINE=InnoDB DEFAULT CHARSET=utf8mb4 COLLATE=utf8mb4_0900_ai_ci;
/*!40101 SET character_set_client = @saved_cs_client */;

--
-- Dumping data for table `employee`
--

LOCK TABLES `employee` WRITE;
/*!40000 ALTER TABLE `employee` DISABLE KEYS */;
INSERT INTO `employee` VALUES (1,'Frances White'),(2,'Carolyn Bradley'),(3,'Annie Fernandez'),(4,'Ruth Hanson'),(5,'Paula Fuller'),(6,'Bonnie Johnston'),(7,'Ruth Gutierrez'),(8,'Ernest Thomas'),(9,'Joe Garza'),(10,'Anne Harris'),(11,'Frances Garza'),(12,'Walter Bennett'),(13,'Debra Frazier'),(14,'Evelyn Jordan'),(15,'Sara Morgan'),(16,'Kathy Hanson'),(17,'Ann Hansen'),(18,'Cynthia Flores'),(19,'Joyce Moore'),(20,'Henry Welch'),(21,'Fred Frazier'),(22,'Edward Riley'),(23,'Helen Howell'),(24,'Frank Wheeler'),(25,'Joseph Watson'),(26,'Alan Butler'),(27,'Laura Perry'),(28,'Tammy Vasquez'),(29,'Tina Campbell'),(30,'Laura Bryant'),(31,'Louis Richardson'),(32,'Johnny Rose'),(33,'Susan Little'),(34,'Henry Garcia'),(35,'Ann Ramirez'),(36,'Amy Lewis'),(37,'Sean Hanson'),(38,'Lois Jordan'),(39,'Clarence Lewis'),(40,'Carlos James'),(41,'Kelly Carroll'),(42,'Irene Bryant'),(43,'Susan Ryan'),(44,'Henry Davis'),(45,'Frances Bishop'),(46,'Marilyn Tucker'),(47,'Eric Cruz'),(48,'Jessica Green'),(49,'Jerry Baker'),(50,'Lisa Cole'),(51,'Andrew Larson'),(52,'Todd Perkins'),(53,'Stephanie Daniels'),(54,'Russell Flores'),(55,'Rose Carpenter'),(56,'Willie Montgomery'),(57,'Irene James'),(58,'Daniel Mendoza'),(59,'Paul Howell'),(60,'Harold Bell'),(61,'Patricia Holmes'),(62,'Stephanie Black'),(63,'Wayne Robertson'),(64,'Rebecca Ferguson'),(65,'Steve Cole'),(66,'Julie Burns'),(67,'Martha Mitchell'),(68,'Marilyn Henderson'),(69,'Thomas Hawkins'),(70,'Michelle Chavez'),(71,'Mark Evans'),(72,'William Turner'),(73,'Kimberly Alvarez'),(74,'Michael Martinez'),(75,'Brenda Rice'),(76,'Samuel Garcia'),(77,'Jean Armstrong'),(78,'Julia Lee'),(79,'Anne Gardner'),(80,'Ryan Wagner'),(81,'Julie Gonzalez'),(82,'Judith Stephens'),(83,'Jacqueline Bell'),(84,'Wayne Mccoy'),(85,'Nicole Gomez'),(86,'Joe Moore'),(87,'Betty Riley'),(88,'Pamela Wright'),(89,'Lori Mills'),(90,'Kathryn Barnes'),(91,'Juan Price'),(92,'Edward Kelley'),(93,'Irene Rose'),(94,'Jonathan Harper'),(95,'Maria Rice'),(96,'Christopher Wilson'),(97,'Jerry Patterson'),(98,'Phillip Stanley'),(99,'Judy Henry'),(100,'Nicole Cooper'),(101,'Rose Shaw'),(102,'Elizabeth Jones'),(103,'Mary Russell'),(104,'Annie Owens'),(105,'Laura Morris'),(106,'Margaret Lewis'),(107,'Kevin Hansen'),(108,'Tammy Dunn'),(109,'Willie Sullivan'),(110,'Chris Robertson'),(111,'Terry Howard'),(112,'Jack Palmer'),(113,'Maria Warren'),(114,'Stephanie Gutierrez'),(115,'Wayne Hill'),(116,'Michelle Matthews'),(117,'Denise Reyes'),(118,'Larry Burke'),(119,'Nicholas Watson'),(120,'Stephanie Jacobs'),(121,'Tina Russell'),(122,'Jesse Lane'),(123,'Bruce Cunningham'),(124,'Paul Meyer'),(125,'Carol Hudson'),(126,'Kimberly Ferguson'),(127,'Alan Sullivan'),(128,'Patrick Barnes'),(129,'Gloria Perez'),(130,'Robert Stewart'),(131,'Bobby Cunningham'),(132,'Ruby Stewart'),(133,'Annie Baker'),(134,'Helen Hart'),(135,'Cynthia Rose'),(136,'Jeremy Wood'),(137,'William Hayes'),(138,'Ronald Hart'),(139,'Phyllis Fox'),(140,'Theresa Ward'),(141,'Charles Boyd'),(142,'Wanda Sanders'),(143,'Sandra Riley'),(144,'Joshua Oliver'),(145,'Joan Myers'),(146,'Joe Gonzalez'),(147,'Terry Ortiz'),(148,'Maria Diaz'),(149,'Jason Berry'),(150,'Helen Austin'),(151,'Ernest Gonzalez'),(152,'Stephen Hamilton'),(153,'Gerald West'),(154,'Nicole Webb'),(155,'John Fox'),(156,'Ruth Duncan'),(157,'Timothy Weaver'),(158,'Russell Johnston'),(159,'Carl Harper'),(160,'Martin Hall'),(161,'Beverly Watson'),(162,'Amy Richards'),(163,'Harry Lane'),(164,'Joseph Patterson'),(165,'Rachel Medina'),(166,'Andrea Olson'),(167,'Samuel Nelson'),(168,'Nicholas Mendoza'),(169,'Ruby Wood'),(170,'Samuel Davis'),(171,'Ruth Fernandez'),(172,'Christina Rice'),(173,'Nicole Chapman'),(174,'Henry Price'),(175,'Christopher Scott'),(176,'Gregory Mason'),(177,'Billy Mitchell'),(178,'George Reid'),(179,'Albert Nichols'),(180,'Phillip Berry'),(181,'Ernest Gonzalez'),(182,'Anthony Marshall'),(183,'Jack Ray'),(184,'Catherine Lawrence'),(185,'Jeremy Bennett'),(186,'Kathryn Torres'),(187,'Laura Alvarez'),(188,'Joshua Mills'),(189,'Daniel Young'),(190,'David Burton'),(191,'Nicole Roberts'),(192,'Margaret Spencer'),(193,'Shirley Price'),(194,'Patricia Cox'),(195,'Nicholas Wells'),(196,'Steve Jacobs'),(197,'Andrea Peters'),(198,'Robin Ryan'),(199,'Marie Andrews'),(200,'Edward Lane'),(201,'Tina Scott'),(202,'Rachel Berry'),(203,'James Larson'),(204,'Andrew Willis'),(205,'Craig Payne'),(206,'Russell Sims'),(207,'Wayne Rodriguez'),(208,'Kelly Banks'),(209,'Kenneth Stanley'),(210,'Norma Daniels'),(211,'Julia Ramos'),(212,'Jimmy Diaz'),(213,'Lori Chapman'),(214,'Angela Marshall'),(215,'Helen Day'),(216,'Frank Mills'),(217,'Samuel Payne'),(218,'Lori Richards'),(219,'Shirley Wheeler'),(220,'Melissa Stevens'),(221,'Doris Howell'),(222,'Nancy Russell'),(223,'Michelle Harris'),(224,'Shirley Mills'),(225,'Lawrence Bowman'),(226,'Jeffrey Jackson'),(227,'Kathleen Reid'),(228,'Katherine Stephens'),(229,'Martin Gardner'),(230,'Shawn Rivera'),(231,'Robin Scott'),(232,'Doris Simmons'),(233,'Lillian Richardson'),(234,'Cheryl Nguyen'),(235,'Helen Morrison'),(236,'Philip Morris'),(237,'Gerald Day'),(238,'Adam Ryan'),(239,'Frank Castillo'),(240,'Ruth Sanders'),(241,'Patricia Arnold'),(242,'Keith Gilbert'),(243,'Paul Cruz'),(244,'Andrea Ryan'),(245,'Martha Castillo'),(246,'Jennifer Kelley'),(247,'Robin Cooper'),(248,'Paul King'),(249,'Robin Hernandez'),(250,'Dennis Little'),(251,'Peter Banks'),(252,'Terry Matthews'),(253,'Michelle Lopez'),(254,'Charles Henderson'),(255,'Timothy Thompson'),(256,'George Gilbert'),(257,'Justin Stewart'),(258,'Marie Rogers'),(259,'Jesse Alvarez'),(260,'Steven Ward'),(261,'Brandon Bishop'),(262,'Joe Adams'),(263,'Laura Montgomery'),(264,'Kathy Simmons'),(265,'Frances Morris'),(266,'Tammy Flores'),(267,'Randy Berry'),(268,'Linda Wood'),(269,'Ryan Wagner'),(270,'Victor Rose'),(271,'Carol Simpson'),(272,'Judy Hawkins'),(273,'Irene Kelly'),(274,'Philip Holmes'),(275,'Steven Gomez'),(276,'Linda Perry'),(277,'Scott Wagner'),(278,'Carolyn Robinson'),(279,'Joan Duncan'),(280,'Sean Powell'),(281,'Tina Green'),(282,'Clarence Johnson'),(283,'David Burton'),(284,'Michael Cole'),(285,'Terry Hudson'),(286,'Virginia Patterson'),(287,'Heather Moore'),(288,'Alice Hall'),(289,'Louise Russell'),(290,'Sharon Fisher'),(291,'Carolyn Taylor'),(292,'Russell Knight'),(293,'Frances Reed'),(294,'Elizabeth Gutierrez'),(295,'Kevin Washington'),(296,'Kelly Rogers'),(297,'Angela Hanson'),(298,'Donna King'),(299,'George Reynolds'),(300,'Emily Olson'),(301,'Kenneth Olson'),(302,'Kathryn Boyd'),(303,'Donald Gardner'),(304,'Christopher Roberts'),(305,'Juan Ward'),(306,'David Mitchell'),(307,'Steven Williamson'),(308,'Diana Gomez'),(309,'Craig Sims'),(310,'Wanda Gomez'),(311,'Christine Edwards'),(312,'Judith Watkins'),(313,'Frances Grant'),(314,'Timothy Webb'),(315,'Adam Bennett'),(316,'Chris Myers'),(317,'Roger Webb'),(318,'Edward Robinson'),(319,'Steve Oliver'),(320,'Susan Burton'),(321,'Samuel Fowler'),(322,'Gary Hunt'),(323,'Billy Hunter'),(324,'Robert Gordon'),(325,'Norma Morris'),(326,'David Allen'),(327,'Linda Chavez'),(328,'Jose Burton'),(329,'Randy Bennett'),(330,'Edward Graham'),(331,'Richard Lewis'),(332,'Katherine Lewis'),(333,'Jerry Martinez'),(334,'Janice Perkins'),(335,'Matthew Stone'),(336,'Paula Johnson'),(337,'Terry Mcdonald'),(338,'Joe White'),(339,'Andrew Phillips'),(340,'Michael Harrison'),(341,'Brenda Sullivan'),(342,'Terry Payne'),(343,'Howard Jackson'),(344,'James Smith'),(345,'Richard Washington'),(346,'Laura Barnes'),(347,'Adam Boyd'),(348,'Sarah Watson'),(349,'Roger Rodriguez'),(350,'Raymond Bennett'),(351,'Julia Schmidt'),(352,'Carl Scott'),(353,'Billy Tucker'),(354,'Gerald Diaz'),(355,'Ruby Hansen'),(356,'Marilyn Payne'),(357,'Marie Alexander'),(358,'Cynthia Schmidt'),(359,'Brenda Chavez'),(360,'Juan Black'),(361,'Lisa Hill'),(362,'Anna Burton'),(363,'Donald Burton'),(364,'Helen Rice'),(365,'Annie Garza'),(366,'Tammy Chapman'),(367,'Rebecca Burton'),(368,'Rose Gutierrez'),(369,'Bobby Ross'),(370,'Gerald Oliver'),(371,'Aaron Reid'),(372,'Scott Stone'),(373,'Nicholas Castillo'),(374,'Jean Jenkins'),(375,'Louise Murray'),(376,'Harry Duncan'),(377,'Joyce Thompson'),(378,'Pamela Gray'),(379,'Kathleen Berry'),(380,'Judy Sanchez'),(381,'Jacqueline Gutierrez'),(382,'Shirley James'),(383,'Wayne Campbell'),(384,'Donna Carr'),(385,'Justin Gonzales'),(386,'Lillian Stevens'),(387,'Jeffrey Duncan'),(388,'Juan Foster'),(389,'Earl Russell'),(390,'Christina Fox'),(391,'Catherine Coleman'),(392,'Christina Bell'),(393,'Wayne Lawson'),(394,'Debra Fields'),(395,'Russell Boyd'),(396,'Carlos Ward'),(397,'Jonathan Foster'),(398,'Gerald West'),(399,'Kathy Pierce'),(400,'Billy Gordon'),(401,'Robin Gonzalez'),(402,'Johnny Perez'),(403,'Ruby Cox'),(404,'Bonnie Butler'),(405,'Alan Cook'),(406,'Jimmy Howell'),(407,'Eugene Robertson'),(408,'Christine Lewis'),(409,'Jesse Oliver'),(410,'Alice Fernandez'),(411,'Linda Arnold'),(412,'Dennis Hawkins'),(413,'Ruby Morrison'),(414,'Jessica Rogers'),(415,'Beverly Hall'),(416,'Christina Flores'),(417,'Angela James'),(418,'Dorothy Cook'),(419,'James Moore'),(420,'Harry Adams'),(421,'Diane Richards'),(422,'James Riley'),(423,'Joe Cruz'),(424,'Peter Cox'),(425,'Philip Snyder'),(426,'Victor Harrison'),(427,'Evelyn Gray'),(428,'Arthur Marshall'),(429,'Emily Webb'),(430,'Melissa Stephens'),(431,'Steve Brown'),(432,'Daniel Gilbert'),(433,'Elizabeth Mccoy'),(434,'Anthony Ford'),(435,'Harry Myers'),(436,'Clarence Kelley'),(437,'Richard Hart'),(438,'Carl Tucker'),(439,'Willie Henry'),(440,'Howard Burke'),(441,'Janet Little'),(442,'Jean Brooks'),(443,'Wanda Clark'),(444,'Bonnie Stanley'),(445,'Michael Hayes'),(446,'Robert Mccoy'),(447,'Patricia Thomas'),(448,'Daniel Gordon'),(449,'Eugene Hall'),(450,'Pamela Duncan'),(451,'Timothy George'),(452,'Lillian Hunter'),(453,'Ruth Torres'),(454,'Katherine Reyes'),(455,'Patricia Fuller'),(456,'Christina Grant'),(457,'Christina Graham'),(458,'Denise Jones'),(459,'Kathryn Fowler'),(460,'Albert Chapman'),(461,'Jimmy Kelley'),(462,'Kathryn Porter'),(463,'Robert Collins'),(464,'Kevin Olson'),(465,'Carol Ray'),(466,'Amy Martin'),(467,'Todd Woods'),(468,'Timothy Romero'),(469,'Pamela Howell'),(470,'Sara Chavez'),(471,'Jimmy Cunningham'),(472,'Justin Carroll'),(473,'Eric Austin'),(474,'Sharon Cunningham'),(475,'Kathy Walker'),(476,'Robin Garza'),(477,'Martha Garcia'),(478,'Todd Reyes'),(479,'Joan Myers'),(480,'Walter Garcia'),(481,'Jessica Morgan'),(482,'Randy Mason'),(483,'Rebecca Wells'),(484,'Scott Butler'),(485,'Timothy Bishop'),(486,'Raymond Vasquez'),(487,'Marie Gonzales'),(488,'Keith Fox'),(489,'Jimmy Rivera'),(490,'Evelyn Garcia'),(491,'Margaret Burton'),(492,'Mark Franklin'),(493,'Brandon Sanchez'),(494,'Amy White'),(495,'Stephanie Harvey'),(496,'Judy Simpson'),(497,'Joshua Castillo'),(498,'Cynthia Ward'),(499,'Irene Reyes'),(500,'Joseph Green'),(501,'Heather Greene'),(502,'Teresa Bennett'),(503,'Nancy Daniels'),(504,'Elizabeth Murray'),(505,'Susan Murray'),(506,'Christina Thomas'),(507,'Elizabeth Gonzalez'),(508,'Phillip Lawson'),(509,'Angela Stevens'),(510,'Douglas Rice'),(511,'Michael Schmidt'),(512,'Denise Bennett'),(513,'Frances Evans'),(514,'Marilyn Gonzales'),(515,'Alan Lewis'),(516,'Sean Bailey'),(517,'Daniel Roberts'),(518,'Karen Bailey'),(519,'Patricia Hall'),(520,'Adam Torres'),(521,'Beverly Alexander'),(522,'Cynthia Burns'),(523,'Billy Knight'),(524,'Howard Jackson'),(525,'Alice Carroll'),(526,'Jeremy Flores'),(527,'Eric Cooper'),(528,'Joshua Holmes'),(529,'Roy Collins'),(530,'Jeffrey Sanchez'),(531,'Gloria Sullivan'),(532,'Donna Nelson'),(533,'Carol Howell'),(534,'Ralph Johnson'),(535,'Gloria Fowler'),(536,'Emily Holmes'),(537,'Howard Welch'),(538,'Debra Ross'),(539,'Susan Mitchell'),(540,'Paul Day'),(541,'Angela Cook'),(542,'Eugene Martin'),(543,'Ashley Mason'),(544,'William Fisher'),(545,'Paula Simpson'),(546,'Joshua Fields'),(547,'Eugene Morrison'),(548,'Antonio Rodriguez'),(549,'Sharon Lawson'),(550,'Billy Clark'),(551,'Cynthia Hayes'),(552,'Richard Lopez'),(553,'Ronald Greene'),(554,'Donald Webb'),(555,'Joyce Gordon'),(556,'Joshua Freeman'),(557,'Laura Collins'),(558,'Carolyn Wilson'),(559,'Dennis Gray'),(560,'Larry Mills'),(561,'Andrew Fernandez'),(562,'Charles Martin'),(563,'Harry Williams'),(564,'Jacqueline Knight'),(565,'Phyllis Murphy'),(566,'Anthony Jones'),(567,'Shawn Armstrong'),(568,'Theresa Howell'),(569,'Philip Black'),(570,'Jesse Russell'),(571,'Judy Green'),(572,'Diana Lawson'),(573,'Craig Washington'),(574,'Justin King'),(575,'Ruby Young'),(576,'Ruby Watson'),(577,'Earl Weaver'),(578,'Phillip Cole'),(579,'John Meyer'),(580,'Maria Rogers'),(581,'Harry Davis'),(582,'Jesse Palmer'),(583,'Michael Garza'),(584,'Theresa Stone'),(585,'Robin Shaw'),(586,'Julia West'),(587,'Joan Watkins'),(588,'Ernest Richards'),(589,'Deborah Baker'),(590,'Aaron Wallace'),(591,'Evelyn Cooper'),(592,'Juan Kennedy'),(593,'Mark Mitchell'),(594,'Robin Taylor'),(595,'Teresa Frazier'),(596,'Beverly Patterson'),(597,'Sarah Nelson'),(598,'Margaret Freeman'),(599,'Marilyn Little'),(600,'Andrew Mccoy'),(601,'Harry Knight'),(602,'Albert Greene'),(603,'Jennifer Rodriguez'),(604,'Wayne Lopez'),(605,'Albert Lawrence'),(606,'Timothy Duncan'),(607,'Jose Stanley'),(608,'Samuel Carter'),(609,'Willie Montgomery'),(610,'Peter Lopez'),(611,'Dennis Wright'),(612,'Joan Sims'),(613,'Chris Welch'),(614,'Paula Evans'),(615,'Emily Lee'),(616,'Diane Ford'),(617,'Brenda Turner'),(618,'Clarence Wood'),(619,'Theresa Duncan'),(620,'Earl Harris'),(621,'Juan Lee'),(622,'Charles Collins'),(623,'Norma Mills'),(624,'Todd Tucker'),(625,'Betty Freeman'),(626,'Marie Anderson'),(627,'Susan Ford'),(628,'Margaret Simmons'),(629,'Carlos Andrews'),(630,'William Gonzales'),(631,'Jonathan Alexander'),(632,'Patricia Nguyen'),(633,'Samuel Harvey'),(634,'Adam Patterson'),(635,'Janice Duncan'),(636,'Lisa Schmidt'),(637,'Eugene George'),(638,'Joyce Flores'),(639,'Frances Gardner'),(640,'Sandra Morgan'),(641,'Emily Brooks'),(642,'Benjamin Mcdonald'),(643,'Ruby Schmidt'),(644,'Rebecca Ford'),(645,'Tammy Stephens'),(646,'Stephen Burton'),(647,'Beverly Bell'),(648,'Ernest Bailey'),(649,'Brian Gutierrez'),(650,'Phillip Mcdonald'),(651,'Gloria Ramirez'),(652,'Lois Franklin'),(653,'Nancy Andrews'),(654,'Adam Gonzalez'),(655,'Alice Oliver'),(656,'Roger Parker'),(657,'Joe Johnson'),(658,'Eric Burns'),(659,'Ronald Johnson'),(660,'Martin Wilson'),(661,'Martin Long'),(662,'Roger Johnson'),(663,'Juan Woods'),(664,'Kelly Wheeler'),(665,'Mark Holmes'),(666,'Ruth Wood'),(667,'Susan Butler'),(668,'Todd Thompson'),(669,'Lois Boyd'),(670,'Judy Clark'),(671,'Barbara Grant'),(672,'Bobby Hicks'),(673,'Roy Hamilton'),(674,'Frances Russell'),(675,'Eugene Vasquez'),(676,'Adam Ortiz'),(677,'Diana Hamilton'),(678,'Samuel Gonzales'),(679,'Ernest Mitchell'),(680,'Irene Kim'),(681,'Dennis West'),(682,'Jose Lopez'),(683,'Randy Burton'),(684,'Charles Henderson'),(685,'Ronald Andrews'),(686,'Annie Schmidt'),(687,'Jason Lee'),(688,'Sandra Reed'),(689,'Bonnie Knight'),(690,'Dorothy Austin'),(691,'Craig Lane'),(692,'Roy Little'),(693,'Martha Anderson'),(694,'Ernest Nguyen'),(695,'Samuel Henderson'),(696,'Robert Moore'),(697,'Craig Banks'),(698,'Rebecca Boyd'),(699,'Jennifer Wood'),(700,'Carol Morgan'),(701,'Terry Adams'),(702,'Teresa Butler'),(703,'Wayne Ramirez'),(704,'Nicholas Fisher'),(705,'Jack Richards'),(706,'Dennis Reid'),(707,'Mark Cook'),(708,'James Dixon'),(709,'Laura Hall'),(710,'Martha Long'),(711,'Patrick Hall'),(712,'Carolyn West'),(713,'Brandon Taylor'),(714,'Paula Austin'),(715,'Mary Medina'),(716,'Betty Fox'),(717,'Gary Mcdonald'),(718,'Gary Davis'),(719,'Janet Kennedy'),(720,'Shawn Bishop'),(721,'Robin Porter'),(722,'Beverly Ellis'),(723,'Kimberly Green'),(724,'Steve Rose'),(725,'Rebecca Smith'),(726,'Robin Parker'),(727,'David Coleman'),(728,'Bonnie Harrison'),(729,'Harold Jordan'),(730,'Craig Allen'),(731,'Timothy Duncan'),(732,'Roger Peters'),(733,'Denise Tucker'),(734,'Tammy Robertson'),(735,'Laura Meyer'),(736,'Johnny Warren'),(737,'Catherine Ray'),(738,'Robin Lewis'),(739,'George Morris'),(740,'Christina Johnson'),(741,'Sean Watkins'),(742,'Lois Allen'),(743,'Mark Scott'),(744,'Joshua Kelley'),(745,'Anna Sanders'),(746,'Jesse Smith'),(747,'Deborah Morris'),(748,'Matthew Austin'),(749,'Diana Lopez'),(750,'Jean Fields'),(751,'Sarah Lawrence'),(752,'Heather Willis'),(753,'Tammy Griffin'),(754,'Gregory Griffin'),(755,'Martha Sanchez'),(756,'Kelly Thompson'),(757,'Craig Porter'),(758,'Diana Mcdonald'),(759,'Bruce Bowman'),(760,'Eugene Smith'),(761,'Dorothy Porter'),(762,'Wanda Watkins'),(763,'Cynthia Gonzales'),(764,'Steve Hall'),(765,'Judith Spencer'),(766,'Kathy Johnson'),(767,'Kenneth Ramirez'),(768,'Jerry Fields'),(769,'Howard Fernandez'),(770,'Henry Baker'),(771,'Justin Daniels'),(772,'Jerry Matthews'),(773,'Raymond Nelson'),(774,'Fred Shaw'),(775,'Rebecca Oliver'),(776,'Nicole Sims'),(777,'Mary Banks'),(778,'Bruce Williamson'),(779,'Andrew Thomas'),(780,'Matthew Stevens'),(781,'Beverly Johnston'),(782,'William Martinez'),(783,'Steven Arnold'),(784,'Rebecca Perry'),(785,'Jimmy Wood'),(786,'Anna Stevens'),(787,'Martin Taylor'),(788,'Nicholas Spencer'),(789,'Kelly Hamilton'),(790,'Kathleen Grant'),(791,'Sarah Ellis'),(792,'Dennis Wagner'),(793,'Brenda Franklin'),(794,'Ernest Hanson'),(795,'Craig Elliott'),(796,'Ashley Moreno'),(797,'Matthew Barnes'),(798,'Maria Medina'),(799,'Edward Washington'),(800,'Henry Dunn');
/*!40000 ALTER TABLE `employee` ENABLE KEYS */;
UNLOCK TABLES;

--
-- Table structure for table `salary`
--

DROP TABLE IF EXISTS `salary`;
/*!40101 SET @saved_cs_client     = @@character_set_client */;
/*!50503 SET character_set_client = utf8mb4 */;
CREATE TABLE `salary` (
  `EMPLOYEE_ID` int NOT NULL,
  `COMPANY_ID` int NOT NULL,
  `SALARY` int NOT NULL,
  PRIMARY KEY (`EMPLOYEE_ID`,`COMPANY_ID`),
  KEY `COMPANY_ID` (`COMPANY_ID`),
  CONSTRAINT `salary_ibfk_1` FOREIGN KEY (`EMPLOYEE_ID`) REFERENCES `employee` (`ID`),
  CONSTRAINT `salary_ibfk_2` FOREIGN KEY (`COMPANY_ID`) REFERENCES `company` (`ID`)
) ENGINE=InnoDB DEFAULT CHARSET=utf8mb4 COLLATE=utf8mb4_0900_ai_ci;
/*!40101 SET character_set_client = @saved_cs_client */;

--
-- Dumping data for table `salary`
--

LOCK TABLES `salary` WRITE;
/*!40000 ALTER TABLE `salary` DISABLE KEYS */;
INSERT INTO `salary` VALUES (1,80,10742),(1,339,17516),(1,348,38531),(1,543,75298),(2,48,19940),(2,415,64310),(4,93,19381),(5,149,67067),(5,460,67813),(6,133,70687),(7,489,23853),(8,87,71271),(8,249,13737),(11,374,37161),(11,383,38072),(12,21,91044),(12,66,33671),(12,483,94263),(12,604,75663),(13,42,72324),(13,360,48660),(14,458,89109),(14,755,29876),(15,5,71251),(15,315,59706),(16,203,11364),(16,301,83623),(16,607,37584),(17,356,32073),(17,394,37045),(18,233,84098),(18,291,99995),(18,366,18164),(18,657,35508),(19,642,36739),(20,109,25899),(20,432,69908),(21,181,79202),(21,670,38924),(22,190,30264),(22,521,88213),(23,327,32337),(23,440,10921),(24,481,70364),(24,761,85939),(25,211,73615),(25,673,48623),(26,315,14024),(26,328,88105),(27,337,40967),(28,545,90752),(29,36,22137),(29,758,21868),(29,779,31386),(30,407,69372),(31,119,89856),(31,228,74218),(31,760,64036),(32,707,65220),(33,62,95402),(33,422,17369),(34,368,51330),(34,431,98837),(34,793,43673),(35,558,17867),(36,351,79382),(37,555,45959),(37,752,92839),(38,474,61677),(38,772,47268),(39,19,18599),(39,370,43805),(39,583,90161),(40,23,83119),(40,431,78904),(40,456,13124),(41,397,16492),(42,760,62285),(43,516,66918),(44,590,66520),(45,301,95039),(46,267,83934),(46,471,93183),(46,498,96542),(48,4,71725),(48,715,78923),(49,501,33241),(49,782,44483),(51,95,13174),(52,132,39481),(52,758,57303),(53,793,53274),(54,110,86311),(54,111,75457),(54,476,31225),(55,146,26606),(56,3,46033),(56,470,37559),(57,59,47337),(58,321,41770),(59,21,47734),(59,68,86683),(59,690,29503),(59,756,18527),(60,7,65437),(60,384,74065),(61,149,80304),(61,238,70206),(61,695,94669),(65,45,74728),(65,297,57660),(65,407,25408),(65,451,71851),(65,540,26289),(66,450,67683),(67,105,42371),(67,316,36423),(69,442,58069),(70,721,51094),(71,493,34598),(72,5,48770),(72,405,43851),(72,424,57276),(72,494,25796),(72,499,21998),(73,730,58865),(74,4,12812),(74,160,54496),(74,393,53986),(74,757,25487),(75,373,56613),(75,484,58536),(75,655,31196),(77,350,82031),(77,518,76757),(77,593,42409),(77,652,94726),(79,86,21315),(79,343,74453),(80,594,88710),(81,300,97727),(81,610,68566),(82,199,52974),(82,258,31309),(83,321,41935),(83,551,10920),(84,397,17171),(84,499,91979),(84,620,40055),(85,14,57635),(86,366,61663),(86,614,55313),(88,785,18530),(90,194,79234),(90,372,86088),(90,635,18801),(92,501,55625),(93,5,58592),(93,12,17040),(93,242,54615),(93,347,93073),(93,405,63597),(93,579,99549),(93,671,71323),(94,55,10119),(94,780,60481),(96,713,68998),(96,760,66978),(98,504,99997),(98,521,40571),(98,614,74657),(98,785,21350),(99,512,98865),(99,515,19382),(99,632,97886),(99,644,61162),(100,412,11221),(101,248,38429),(101,538,72525),(103,464,14443),(104,504,43048),(105,424,68512),(105,624,96639),(106,91,14270),(109,324,39301),(110,290,94962),(110,540,60341),(112,247,90370),(112,706,72633),(113,160,94133),(113,190,49762),(113,274,18202),(114,33,45137),(114,584,69679),(114,607,72538),(115,76,97477),(116,246,61508),(116,338,85199),(116,524,75010),(117,123,83442),(117,271,42295),(117,760,77100),(118,52,86126),(118,541,88303),(119,17,85960),(119,108,77520),(119,631,44575),(121,78,44429),(121,265,32408),(121,689,27609),(122,91,51441),(122,477,56804),(122,539,24360),(122,714,22993),(123,171,75942),(123,283,14858),(123,520,94538),(124,341,12781),(124,362,93190),(124,481,80389),(125,30,74162),(125,460,59546),(125,524,10234),(126,74,78267),(126,185,50090),(126,674,82558),(126,758,85798),(127,251,87156),(127,339,30185),(127,349,90009),(128,208,64451),(128,390,14993),(130,394,31857),(131,388,80461),(131,609,10155),(132,364,74964),(132,623,55351),(132,755,37990),(133,85,96770),(133,720,18777),(134,604,97589),(135,55,90226),(135,543,89662),(135,644,57452),(135,783,70157),(136,613,78355),(136,709,59071),(137,138,48645),(137,321,42031),(137,429,26724),(137,633,55079),(138,152,74174),(138,361,81722),(138,513,93571),(138,696,24053),(139,12,66405),(139,148,41663),(139,497,42621),(140,646,90797),(140,745,27191),(141,388,56710),(141,731,43297),(142,21,99493),(142,569,30055),(142,668,31478),(143,153,56415),(143,758,39782),(143,766,55116),(144,98,15974),(144,121,39681),(144,165,27047),(145,37,74240),(145,468,47868),(145,476,85123),(145,654,45474),(147,149,24579),(148,402,82269),(148,750,62488),(149,433,83651),(149,562,74856),(150,230,45461),(150,346,69474),(150,571,97162),(151,236,60574),(151,640,56370),(152,5,95549),(152,93,47848),(152,306,44668),(152,663,61117),(154,35,45814),(154,81,93560),(154,469,82381),(156,74,64173),(157,243,80992),(158,712,29333),(158,734,35205),(159,178,99766),(160,17,64354),(161,198,53264),(161,200,95544),(161,751,82487),(162,117,21053),(162,495,23335),(162,546,74392),(162,635,67918),(163,688,98518),(164,468,56172),(164,720,46387),(165,205,67671),(165,605,20358),(165,631,32285),(165,774,65821),(166,63,58121),(166,182,99037),(166,310,86489),(167,53,40168),(167,222,21219),(167,324,83109),(168,159,29459),(169,603,89737),(169,755,26433),(170,412,91293),(173,376,71163),(173,644,46506),(174,73,39459),(174,270,26513),(174,320,89711),(174,553,14578),(176,142,21793),(176,332,89054),(176,407,47959),(176,419,35778),(176,646,43913),(177,141,54010),(178,384,96267),(179,57,10421),(179,388,33532),(180,109,82144),(180,287,87780),(181,199,79558),(181,774,67204),(182,634,27782),(183,47,46270),(183,611,12831),(184,472,80447),(184,529,51429),(185,92,86402),(185,240,44360),(185,315,91932),(185,609,13766),(186,363,58357),(186,382,26702),(186,386,14178),(187,484,51468),(188,20,47676),(188,508,24803),(189,102,53567),(191,47,45201),(192,99,53484),(192,187,40975),(192,378,13504),(192,487,34563),(194,395,11487),(194,536,24157),(196,430,16039),(196,544,54744),(197,619,97252),(198,531,21597),(202,263,81064),(202,364,58846),(202,457,76921),(203,561,77559),(203,787,57112),(204,13,30567),(204,408,26471),(204,486,65265),(204,669,84833),(205,575,28951),(206,626,46110),(207,463,13073),(209,351,15562),(209,690,22752),(210,651,56370),(210,709,69970),(211,494,27640),(211,529,83928),(212,168,27933),(214,98,33466),(215,237,22054),(216,315,71865),(216,357,79170),(216,644,27137),(217,91,10783),(217,151,40618),(217,383,56018),(217,554,95114),(217,716,23126),(218,121,72544),(218,633,23056),(219,241,67442),(219,707,18313),(220,70,29596),(220,358,82738),(221,757,24883),(222,6,71467),(222,135,34027),(222,502,82459),(223,617,72861),(223,636,92551),(223,763,81645),(224,240,75695),(225,344,77628),(227,261,87219),(227,370,32766),(227,619,77273),(227,659,62738),(228,161,19900),(228,169,85080),(229,441,35887),(230,92,26090),(230,679,65537),(230,743,76890),(231,39,62375),(233,338,11677),(233,619,19835),(234,536,70833),(235,46,54334),(235,96,69772),(235,148,31119),(236,462,57772),(236,590,37165),(237,93,83770),(237,391,39326),(238,20,66465),(238,279,87821),(238,800,38428),(239,446,51675),(239,743,67804),(240,129,38848),(240,670,39788),(241,455,92082),(242,319,48896),(245,194,19651),(245,449,61923),(246,169,70829),(246,171,67079),(247,74,22533),(247,431,62042),(247,464,44813),(247,515,77967),(247,637,75808),(247,645,46922),(247,739,56500),(248,215,74048),(248,790,76332),(250,643,48354),(251,123,37251),(251,387,77180),(251,538,93903),(252,396,36918),(252,640,59689),(253,519,10637),(254,45,19575),(255,346,77046),(255,490,42619),(256,340,90561),(259,255,22535),(260,456,57345),(262,305,72355),(263,353,26530),(263,565,32451),(264,173,58765),(265,152,99400),(265,184,92481),(265,188,18536),(265,245,61463),(265,452,54884),(266,134,44496),(266,154,72134),(266,439,91701),(266,775,53091),(267,234,73137),(268,700,25041),(269,165,42228),(269,295,97606),(269,701,47919),(270,194,89433),(270,723,44911),(271,549,26940),(271,571,99096),(272,87,83345),(272,473,70550),(272,566,82297),(273,23,68953),(273,509,85016),(273,575,27450),(274,288,77861),(274,309,49290),(274,484,51886),(275,313,20852),(276,164,15659),(277,439,97256),(278,392,95384),(278,462,56068),(280,515,54485),(280,539,61295),(280,633,27290),(281,259,30235),(281,601,55241),(282,248,66431),(282,298,89584),(283,144,45961),(284,741,30605),(285,136,47953),(285,734,76415),(285,748,62685),(286,36,72187),(286,101,26815),(288,131,50202),(288,249,23508),(288,369,97769),(288,435,54127),(289,146,12796),(289,456,64851),(290,38,62446),(290,553,40736),(292,659,54399),(293,407,58634),(294,259,80349),(294,427,46923),(295,307,63642),(297,317,29773),(297,351,23366),(298,185,37988),(298,381,33642),(298,614,65961),(299,13,23636),(299,47,51402),(299,305,82130),(299,453,13435),(303,290,14652),(303,365,46078),(303,471,95896),(303,674,44382),(303,791,29440),(304,312,23515),(304,529,82262),(306,189,63083),(306,659,54241),(308,318,37382),(308,704,10530),(309,410,24337),(309,735,11426),(311,504,55131),(311,514,17627),(312,434,67659),(312,654,11925),(314,303,44787),(315,398,49466),(315,519,23297),(315,626,44775),(316,227,48244),(316,566,71995),(316,592,62682),(317,92,45023),(317,460,81273),(318,766,17357),(319,190,50210),(320,308,30869),(320,758,88757),(322,719,82392),(323,71,39889),(323,658,96014),(323,728,71917),(324,62,38919),(327,418,20668),(327,477,69818),(328,511,41195),(328,541,79077),(328,708,93268),(329,166,17744),(329,303,39651),(329,526,85365),(330,111,33186),(330,552,97858),(331,17,81968),(331,587,79748),(332,493,67950),(332,520,76038),(333,102,11305),(333,728,31911),(335,543,10999),(336,584,29041),(337,80,24742),(337,141,20747),(337,501,31957),(337,661,64584),(337,716,13852),(337,724,95650),(338,56,91547),(338,245,69071),(339,166,46956),(340,137,64416),(340,291,90754),(340,654,61395),(341,615,72427),(341,634,43262),(341,773,64998),(342,242,67712),(342,354,11427),(342,496,13356),(342,504,87834),(342,600,61313),(343,149,58604),(343,395,10033),(343,641,19229),(344,21,17734),(344,380,85445),(344,557,70009),(345,87,46239),(346,380,60232),(346,433,85716),(346,493,40803),(346,742,68294),(347,298,39651),(348,194,32724),(348,342,58874),(348,450,81421),(348,559,54515),(349,356,55828),(349,778,41665),(350,323,76329),(351,94,22397),(351,540,30265),(352,251,65629),(352,694,63385),(353,66,32432),(353,359,13676),(353,687,94449),(353,708,44319),(353,716,20215),(354,241,36033),(354,510,17737),(355,316,29893),(355,361,49332),(355,411,73143),(355,642,76747),(355,769,23955),(357,570,40794),(358,565,55067),(359,128,41672),(360,87,58860),(360,652,34661),(360,768,35238),(361,12,55024),(361,21,38570),(362,144,86536),(362,714,53450),(362,725,12293),(363,730,42625),(364,505,89467),(364,556,72493),(365,141,15314),(365,323,40836),(367,15,64218),(368,436,39786),(368,658,45808),(369,263,70618),(369,777,44532),(370,188,87533),(370,368,14280),(371,105,32921),(372,148,58702),(372,612,75378),(372,705,66872),(373,165,65735),(373,702,36321),(375,171,14371),(375,378,24976),(375,441,89390),(375,669,28074),(376,46,64315),(376,65,28841),(376,600,39037),(376,697,47762),(377,340,24882),(377,358,17564),(377,582,80263),(378,172,44077),(378,368,98170),(379,95,72092),(380,529,43859),(380,568,21596),(381,47,26468),(381,85,14543),(381,114,71131),(382,69,44213),(382,235,68067),(382,714,47699),(383,591,55273),(383,685,62517),(384,123,57879),(384,650,58815),(385,56,36813),(386,297,30478),(386,441,99929),(386,676,57563),(386,797,74262),(387,169,71424),(387,187,38175),(387,375,24671),(388,28,53800),(388,168,88974),(388,265,97108),(388,572,78831),(388,759,39723),(388,775,28082),(390,399,33679),(390,627,33718),(392,291,99978),(393,95,12751),(394,87,72369),(395,657,23598),(395,772,22672),(397,244,39294),(397,444,90781),(398,523,27289),(399,481,34837),(400,245,80530),(400,246,25390),(400,463,36877),(401,762,14674),(403,35,89679),(404,198,40225),(404,417,18999),(404,750,27089),(405,751,74538),(406,138,56127),(406,262,75760),(406,591,97102),(406,761,42886),(407,103,97360),(407,723,29327),(408,507,72590),(409,281,23030),(409,383,87615),(412,261,78363),(412,414,17660),(412,525,38526),(413,662,73539),(413,753,48321),(414,256,26219),(414,393,11311),(414,718,74126),(415,187,27394),(416,126,50796),(417,466,91567),(418,69,83872),(418,359,94337),(418,425,74321),(419,207,43993),(419,500,44955),(420,49,63927),(420,94,63649),(420,271,76021),(420,350,74134),(420,441,75449),(421,137,22551),(421,692,21456),(422,65,33813),(422,132,55604),(423,284,32440),(423,455,74378),(423,798,11516),(424,121,17125),(424,337,22158),(424,366,51114),(424,560,49586),(426,413,63060),(426,535,11603),(427,122,86882),(427,564,47594),(427,671,31641),(429,260,79690),(430,755,78475),(430,797,17323),(431,624,23182),(432,163,68549),(434,149,58309),(434,187,91042),(434,696,95165),(435,130,55902),(435,470,41212),(436,782,34442),(438,549,78144),(439,794,69639),(441,78,16288),(441,443,99945),(441,652,22204),(442,375,66193),(442,558,79944),(443,499,33544),(443,761,15213),(444,477,39102),(445,71,23551),(445,143,93267),(445,195,27814),(445,529,94788),(445,533,71100),(446,610,53216),(446,618,44936),(447,478,43681),(447,483,86968),(448,363,28484),(448,572,28920),(449,46,77816),(449,212,36306),(449,310,90690),(451,138,89242),(451,179,77875),(452,697,40421),(452,791,35792),(453,145,97571),(453,187,54129),(453,655,50636),(454,101,60039),(454,274,91987),(454,440,13648),(454,461,30964),(454,512,12035),(455,291,67058),(457,256,22970),(457,450,54335),(457,494,41881),(458,116,78516),(458,566,66260),(458,789,37519),(460,157,33399),(460,382,97292),(460,789,14113),(461,135,84797),(461,413,57676),(461,571,69501),(462,68,28111),(462,341,14444),(463,41,50818),(463,492,62046),(464,240,73184),(464,309,67167),(465,181,77879),(465,542,17909),(465,641,90382),(467,213,46319),(468,66,59212),(468,303,70031),(468,451,78378),(469,507,43591),(469,593,99193),(470,546,11416),(470,654,20389),(471,459,69517),(473,70,84928),(473,427,49973),(473,709,81565),(474,31,27600),(474,74,23131),(474,206,46120),(474,321,33341),(474,360,53479),(475,327,31312),(476,149,22719),(476,226,29771),(476,657,38045),(476,775,76246),(477,121,90101),(477,254,92369),(477,399,92893),(478,247,61429),(478,501,45439),(479,83,32412),(479,177,24311),(480,271,94407),(481,232,28553),(481,282,56864),(481,515,53926),(481,680,61465),(482,270,73902),(482,525,44166),(483,326,66800),(484,67,90020),(484,430,94592),(484,595,60520),(484,779,45723),(485,112,99883),(485,215,58212),(485,281,27514),(486,166,41899),(486,713,67995),(487,687,85250),(488,250,54094),(489,306,45960),(490,58,75833),(490,759,88553),(491,658,97952),(492,593,53429),(493,508,90583),(494,68,31499),(494,123,17736),(495,427,35411),(495,460,19933),(497,354,70690),(497,485,77251),(497,498,62022),(498,173,56726),(499,116,63682),(499,519,28719),(500,278,15306),(500,346,41092),(502,77,60326),(502,274,41380),(502,682,74148),(503,661,69833),(503,793,69450),(504,315,20164),(505,69,76737),(505,204,42132),(505,345,10466),(505,399,19159),(506,69,74529),(506,265,53637),(506,412,51028),(506,547,61642),(506,571,71261),(508,15,70417),(508,81,27760),(508,209,87357),(509,296,85046),(510,511,99061),(510,723,29688),(511,3,94885),(511,47,33066),(511,234,73160),(511,450,99799),(512,282,93537),(512,397,11318),(514,6,58672),(514,39,84408),(514,627,51664),(515,201,54870),(517,363,38496),(517,600,20425),(518,126,40551),(518,636,36833),(518,698,41388),(519,375,33882),(519,377,28329),(519,616,36657),(520,65,88532),(520,516,38294),(521,675,66165),(522,84,47142),(522,402,13183),(523,161,23839),(524,380,46888),(524,382,31949),(525,36,48621),(525,406,95421),(526,302,14110),(526,308,87241),(527,566,82855),(527,629,17389),(530,28,74328),(530,224,15425),(531,527,80291),(532,81,42010),(532,149,32823),(532,520,15560),(532,762,13425),(533,56,46162),(533,714,13496),(533,766,64739),(534,368,29301),(535,106,23888),(535,605,39740),(536,136,93650),(536,480,32431),(536,488,61419),(537,2,76907),(538,708,92471),(539,28,28153),(539,249,63009),(539,698,61229),(540,103,65850),(541,74,73804),(541,152,36194),(541,177,37606),(541,317,44734),(541,558,85677),(541,643,91366),(542,344,98723),(542,683,91568),(543,605,74834),(543,627,91331),(544,259,50924),(545,399,80581),(545,583,32404),(547,273,23230),(547,600,26806),(547,623,83119),(548,428,27045),(548,660,18518),(549,391,84928),(550,7,27851),(550,74,78841),(550,232,26180),(552,69,82049),(552,133,56140),(552,507,20486),(553,204,75849),(553,290,95876),(553,333,68895),(554,335,42670),(554,529,61086),(554,605,12358),(555,21,32985),(555,219,80950),(555,285,33903),(556,368,44384),(557,186,62173),(557,214,27389),(557,583,72139),(558,166,91578),(558,188,63520),(559,72,28393),(559,129,72999),(559,308,81661),(559,497,42321),(559,666,23436),(562,80,51339),(562,280,16445),(562,408,63882),(562,767,84089),(564,287,40672),(564,368,98281),(564,431,73638),(564,752,62972),(565,140,21497),(565,505,27786),(566,65,72721),(566,604,66656),(567,360,39928),(567,548,40076),(568,272,90441),(568,683,63227),(569,382,28994),(569,598,70393),(569,649,16956),(570,337,39872),(571,232,58402),(571,375,95951),(572,82,13180),(572,654,97220),(573,98,34983),(573,215,84552),(574,124,62879),(576,687,26384),(577,180,57922),(577,618,87397),(578,569,84454),(580,41,92522),(580,405,43884),(580,730,49296),(580,788,17267),(581,759,14557),(582,313,54018),(583,331,44699),(584,62,12820),(584,490,40534),(585,11,55501),(585,330,80769),(585,526,80535),(585,660,91743),(586,656,16744),(586,658,77370),(587,85,66325),(587,286,25418),(587,289,23409),(587,491,55628),(587,541,43477),(588,173,57339),(589,81,22977),(589,473,44071),(589,698,91051),(590,481,19425),(590,496,45368),(590,544,63481),(591,653,45483),(591,696,42549),(592,292,15800),(592,494,93279),(592,782,13859),(594,27,73486),(594,96,12216),(594,194,92819),(594,397,58639),(594,781,27863),(596,224,18258),(596,734,70920),(597,199,56842),(597,207,51347),(597,713,54322),(598,160,71114),(598,542,53460),(599,293,20363),(599,610,72927),(600,224,48195),(600,311,71302),(600,785,13070),(601,78,58756),(602,88,30407),(602,160,33079),(602,781,54130),(602,797,49829),(603,583,68565),(603,784,77608),(604,778,53936),(605,382,41851),(605,558,53086),(606,648,30062),(607,301,14363),(607,322,71557),(607,716,25885),(608,717,29063),(609,93,80255),(610,729,37149),(611,594,70614),(612,114,78255),(613,80,31482),(613,638,95056),(613,738,75309),(614,345,40158),(614,502,50077),(615,187,27812),(617,151,27876),(617,601,38263),(618,47,80941),(618,172,65960),(618,595,13504),(619,448,61591),(620,397,95959),(620,528,75082),(620,555,40918),(621,183,80313),(622,74,46079),(622,451,40779),(622,688,17983),(625,42,67398),(625,244,52466),(625,392,60551),(625,546,16885),(626,6,32002),(626,299,31379),(627,136,72209),(627,506,67249),(627,579,18217),(629,35,67288),(629,121,41398),(629,209,27973),(630,604,63713),(632,713,52464),(634,20,71311),(634,96,75969),(635,567,61968),(636,213,12596),(636,498,56855),(637,740,17977),(638,16,39056),(638,190,30882),(638,743,70625),(639,254,36724),(639,560,25591),(640,199,99881),(641,560,27387),(641,711,66897),(642,21,50137),(643,5,69051),(643,295,90630),(643,520,95125),(643,721,77845),(644,546,35376),(645,23,77465),(645,217,24697),(646,558,79268),(646,597,92999),(646,651,31279),(647,154,60662),(647,194,13888),(648,70,19129),(648,486,74358),(649,171,50304),(649,251,43326),(649,511,41499),(650,86,85215),(650,156,48833),(650,641,36013),(650,697,72679),(651,84,44221),(651,714,32848),(651,745,37456),(653,620,75297),(654,4,21988),(654,632,25402),(654,752,24002),(655,83,58253),(655,231,10406),(655,766,84691),(656,340,96428),(656,502,96061),(658,228,13570),(659,89,87675),(659,177,56090),(659,282,99711),(659,505,32784),(659,599,18131),(660,43,17565),(660,47,90287),(660,610,51113),(660,708,45820),(662,242,74831),(663,222,38246),(663,467,80481),(663,723,29484),(665,678,91719),(666,127,94995),(666,546,27075),(667,577,68406),(668,188,47592),(668,227,32629),(668,467,72392),(669,23,32493),(669,240,12104),(670,534,28325),(671,610,68482),(672,505,11799),(673,538,59856),(673,611,87162),(674,12,14726),(676,371,72823),(676,619,51574),(677,390,97054),(677,536,47215),(677,728,24627),(678,28,44765),(678,112,56175),(678,189,72791),(678,510,32550),(678,697,92420),(680,237,48521),(680,518,64301),(680,688,42419),(680,718,34979),(682,139,60972),(682,781,35397),(683,443,84061),(683,524,75077),(684,407,19880),(684,499,80541),(684,741,47136),(684,784,95531),(686,233,17144),(686,666,69873),(686,782,97320),(688,329,55303),(688,680,11466),(689,606,17482),(689,619,56597),(689,648,19394),(689,699,64289),(690,71,84059),(690,123,43713),(690,566,81963),(690,666,59602),(692,169,78177),(692,404,74900),(692,484,65715),(693,122,81288),(693,127,57263),(693,271,60309),(694,93,31422),(694,224,26248),(695,215,68121),(695,573,99240),(696,12,81625),(696,484,33578),(697,433,32287),(698,75,69690),(698,136,44391),(698,295,26359),(700,77,24017),(700,210,44699),(700,353,96569),(702,54,58963),(702,308,66598),(702,776,56462),(703,45,96513),(704,184,95144),(704,475,13110),(704,613,14368),(705,196,18640),(705,588,17171),(705,649,95598),(706,119,89339),(706,473,20569),(707,225,76755),(707,737,51988),(708,588,57360),(709,127,48759),(709,735,82854),(710,542,34858),(710,547,15656),(712,234,77311),(712,346,63601),(713,320,32396),(713,467,71132),(715,234,20647),(715,599,20713),(715,648,83390),(715,720,38327),(716,783,47480),(717,52,59531),(717,163,83298),(717,551,75549),(718,12,10936),(718,80,95554),(718,679,73867),(719,558,95710),(719,633,71655),(719,679,80009),(720,235,61034),(720,578,93949),(721,26,53555),(721,232,97004),(721,510,35100),(723,403,59559),(724,249,36656),(724,410,19392),(726,425,58801),(727,134,55378),(727,538,50666),(728,169,65474),(729,21,18580),(729,295,71071),(729,474,28339),(729,498,71038),(729,774,49646),(730,85,67223),(730,253,26804),(732,318,75411),(732,785,17472),(733,88,79707),(733,445,41278),(733,561,68174),(734,679,74295),(734,696,14416),(735,473,32583),(736,285,60996),(736,451,34329),(737,223,10859),(737,291,75173),(737,771,52472),(738,433,46033),(738,485,98254),(739,182,92484),(739,228,60550),(739,239,60956),(739,522,75563),(740,31,38456),(740,40,30803),(741,193,71937),(741,335,60006),(741,352,29304),(742,140,31711),(742,483,17642),(742,511,10712),(742,734,45655),(743,151,57967),(743,329,47199),(743,444,87607),(743,479,55461),(744,186,13551),(744,282,60129),(744,391,84898),(744,399,52153),(745,252,39730),(745,331,59797),(745,531,14290),(745,610,20271),(746,352,48336),(747,245,36415),(748,501,88680),(748,589,73621),(750,354,14581),(750,765,65167),(751,363,90387),(752,608,76434),(753,355,41897),(754,163,53291),(754,536,50008),(755,388,49350),(755,617,93804),(756,534,19502),(756,648,39835),(756,761,78740),(757,63,60580),(758,10,19090),(759,493,90505),(760,175,67376),(760,733,75312),(761,567,50316),(762,144,90751),(762,149,87658),(762,287,72064),(762,474,75608),(762,522,67258),(763,127,59404),(764,95,52901),(764,233,69909),(764,560,22364),(765,41,81563),(765,210,45269),(765,646,91434),(766,415,18038),(766,493,20390),(769,142,68861),(769,269,69216),(769,369,46897),(769,707,41580),(770,630,89585),(770,716,33853),(771,452,35455),(771,525,13620),(771,531,10699),(771,746,93512),(773,168,23533),(773,300,25536),(773,669,16917),(774,545,62813),(774,588,45283),(774,626,23292),(775,132,55043),(775,377,22139),(776,224,25224),(778,88,67757),(778,165,63260),(779,6,80839),(779,513,48600),(780,63,88167),(780,103,60041),(780,184,61402),(781,47,50497),(781,284,28794),(782,507,82787),(782,544,61487),(783,191,15359),(783,789,28080),(785,116,17367),(785,428,69153),(785,597,89243),(787,95,95945),(787,115,28821),(787,252,30820),(787,666,70486),(788,52,55832),(788,629,56384),(788,633,20529),(788,654,67102),(789,154,31735),(789,649,61329),(789,763,91168),(790,114,84585),(790,395,91946),(790,445,54248),(790,550,53582),(792,146,26682),(792,234,50621),(792,559,20727),(792,577,72324),(792,672,54036),(794,420,36410),(795,310,17191),(795,627,75848),(795,789,93171),(796,55,79606),(796,665,13887),(796,695,11996),(797,62,27057),(799,349,44500),(799,695,23319),(800,569,28187),(800,662,12146);
/*!40000 ALTER TABLE `salary` ENABLE KEYS */;
UNLOCK TABLES;
/*!40103 SET TIME_ZONE=@OLD_TIME_ZONE */;

/*!40101 SET SQL_MODE=@OLD_SQL_MODE */;
/*!40014 SET FOREIGN_KEY_CHECKS=@OLD_FOREIGN_KEY_CHECKS */;
/*!40014 SET UNIQUE_CHECKS=@OLD_UNIQUE_CHECKS */;
/*!40101 SET CHARACTER_SET_CLIENT=@OLD_CHARACTER_SET_CLIENT */;
/*!40101 SET CHARACTER_SET_RESULTS=@OLD_CHARACTER_SET_RESULTS */;
/*!40101 SET COLLATION_CONNECTION=@OLD_COLLATION_CONNECTION */;
/*!40111 SET SQL_NOTES=@OLD_SQL_NOTES */;

-- Dump completed on 2023-04-28  6:46:00